Id,RequestTime,User,Zid,Time,
-R79tUpQg3kRnnv32EG93g,09-08-2018 20:00:00,kuthsav,3485933,1533825000000,01-01-1970
#NAME?,16-08-2018 19:26:00,kuthsav,5142696,1534427760000,
0Bac4lkvHQFgiFiggj5fRQ,16-08-2018 16:50:00,kuthsav,5121894,1534418400000,
0UuCId3QPAB5U7kyIPJq7Q,09-08-2018 19:45:00,kuthsav,5121731,1533824100000,
1Q5e-kpqi1gXagwEx3UfaQ,09-08-2018 19:51:00,kuthsav,5168841,1533824460000,
1fHlF2EwIM-dQpDYI4NmEw,09-08-2018 19:47:00,kuthsav,5228414,1533824220000,
2LvjMoGjLo7TIvhAzrRxUQ,09-08-2018 19:55:00,kuthsav,3489800,1533824700000,
2ozMDU69cL_0vUbfc0n9VA,09-08-2018 19:45:00,kuthsav,5143239,1533824100000,
51_gQHgxBtglmPje-Me7Dw,07-08-2018 20:06:00,kuthsav,5124393,1533652560000,
5qhedG8AnFOhqVqtXuhD1w,09-08-2018 19:45:00,kuthsav,5184233,1533824100000,
62ZQ5CJJ4tiVzX2-_rDZKw,09-08-2018 16:03:00,kuthsav,3327808,1533810780000,
6LT5ZqoFQ5RZRXuRz9fmUw,09-08-2018 19:48:00,kuthsav,5151381,1533824280000,
7LjKnNJXV2YCHp60KrHLHg,16-08-2018 17:56:00,kuthsav,5224362,1534422360000,
8_9PEOC_9Tg_U9xmntGSRw,09-08-2018 19:43:00,kuthsav,5140830,1533823980000,
8edJ_Gb1Bg2t5dnpSTekAA,08-08-2018 08:50:00,kuthsav,5124393,1533698400000,
8mXqRBcP1-QbIG2b1HZaLw,16-08-2018 17:56:00,kuthsav,5109018,1534422360000,
8wkDcXxveLz2wzEyKjsO6A,16-08-2018 19:25:00,kuthsav,5148556,1534427700000,
9Knvoodq7JHxs43DVu_cVA,09-08-2018 19:52:00,kuthsav,5119365,1533824520000,
Ac3hJMdheGWh9zT2DuAP-Q,09-08-2018 19:44:00,kuthsav,5140155,1533824040000,
Aw7gmkT0O4svF3uzLmCvLQ,09-08-2018 19:29:00,kuthsav,5080025,1533823140000,
Az0636icqRvQgizvC831Bw,09-08-2018 19:41:00,kuthsav,5196137,1533823860000,
B-WT8Y77ycjnMhFziI8sVQ,16-08-2018 18:29:00,kuthsav,5143730,1534424340000,
BoY1j4-a4OBaivCPZIolbA,09-08-2018 19:48:00,kuthsav,5169707,1533824280000,
Cn-WptIFHyHrBJdlePs_xA,16-08-2018 19:56:00,kuthsav,5130902,1534429560000,
CyGk-pXYVzWbrb3OZBo7Jw,09-08-2018 19:55:00,kuthsav,5104892,1533824700000,
D4cqg7prIO-FnO7LBaMt1A,16-08-2018 18:28:00,kuthsav,5187836,1534424280000,
DcITefH-ft1cLh5ro_xeCw,09-08-2018 19:43:00,kuthsav,5159242,1533823980000,
E6IpfvgleuGDRHTCtOl4EQ,16-08-2018 18:28:00,kuthsav,5059850,1534424280000,
EBry0HALoHJ_WDzXusKrEQ,16-08-2018 19:24:00,kuthsav,5147999,1534427640000,
Eu4GAY0ylgvc5dUGzib5Lg,09-08-2018 19:45:00,kuthsav,5169191,1533824100000,
FBysghsugEOyKBEIbQ5cMA,16-08-2018 20:18:00,kuthsav,5139176,1534430880000,
GtNJ1-3Cgj0VxFtD-bwC2A,09-08-2018 19:59:00,kuthsav,5144501,1533824940000,
GxrffQJWSf0x_T1v5Xgqnw,16-08-2018 19:25:00,kuthsav,5219216,1534427700000,
HCXIbD470pxlVF2SbF59cw,09-08-2018 19:58:00,kuthsav,5219912,1533824880000,
HLQs26hA5Zpyh1WlnyzkDA,09-08-2018 19:54:00,kuthsav,5086001,1533824640000,
JNbVnxPs_txDCldhu_ZOxg,07-08-2018 20:19:00,kuthsav,5124393,1533653340000,
KG1bcRk6ZXnHoWGURLqCFg,09-08-2018 19:47:00,kuthsav,5129440,1533824220000,
KhgtH6iGACimqk4nqx3ywQ,16-08-2018 17:52:00,kuthsav,5138860,1534422120000,
LSnyzQvg2Hzi0z9bWu6A7w,16-08-2018 17:52:00,kuthsav,5145699,1534422120000,
LtMeXrsjwxdZLAqHa3zRag,07-08-2018 20:37:00,kuthsav,5080025,1533654420000,
N96FzEnkjCYdMMGqBM00wQ,09-08-2018 19:45:00,kuthsav,5171695,1533824100000,
NOSpVB6khfs5klF138TATg,09-08-2018 19:52:00,kuthsav,5183417,1533824520000,
NWNc0UNBeTOKchgrtjHbRg,16-08-2018 20:22:00,kuthsav,5102665,1534431120000,
NfWnf9frV6-_BAfvS9guaQ,16-08-2018 18:28:00,kuthsav,5145301,1534424280000,
Os7UQefbg0W7DiSidfXLkQ,16-08-2018 17:53:00,kuthsav,5142917,1534422180000,
Pee8G2d7WYEUEOjOfthFFw,16-08-2018 16:51:00,kuthsav,5121894,1534418460000,
RQe8M441stHKLCWeDxP5Lw,16-08-2018 20:18:00,kuthsav,5143314,1534430880000,
RRBpdvYJ1E0Vv_7s3lPzDA,16-08-2018 18:50:00,kuthsav,5144361,1534425600000,
SaVUmzhgRk2-VMa2-k_vog,08-08-2018 10:30:00,kuthsav,5080025,1533704400000,
UK0BvHSrFyr8otVs2zLe4w,16-08-2018 18:29:00,kuthsav,5136094,1534424340000,
UaR7COhMDjhSbuyKA9V7AA,16-08-2018 18:33:00,kuthsav,5217276,1534424580000,
UiBygpzidsUEKcL17f-bCg,16-08-2018 18:50:00,kuthsav,5138528,1534425600000,
Xl8aNYZ0tZIG1VskpYJcdQ,09-08-2018 19:52:00,kuthsav,5137259,1533824520000,
XoZzsK9se05IxhyPCGW86Q,09-08-2018 19:41:00,kuthsav,5213154,1533823860000,
Yxz6qq04vfcJrNcGJFHZ_g,09-08-2018 19:46:00,kuthsav,5102569,1533824160000,
ZVomkxKHt5-rFI7_MXm_zw,09-08-2018 19:51:00,kuthsav,5169597,1533824460000,
Zzu9UOu5zIwGozmrc5Rsnw,16-08-2018 18:29:00,kuthsav,5201378,1534424340000,
_Fu7QLxGINGnSHe9G57rhw,09-08-2018 19:50:00,kuthsav,5093958,1533824400000,
aVnk-UdEh-HrX2uWOYb8_Q,09-08-2018 19:51:00,kuthsav,5151580,1533824460000,
bThG4juNp3n1MvkAoPy8xA,09-08-2018 19:50:00,kuthsav,5135479,1533824400000,
gXsLg3g-jNJcOTwCmZvehg,09-08-2018 19:49:00,kuthsav,5192054,1533824340000,
gzrCTYu6gOcEmPvrQ7B45g,09-08-2018 20:04:00,kuthsav,5147012,1533825240000,
h-PzqE_Oy7WH7EamCfnbIA,09-08-2018 19:45:00,kuthsav,5194035,1533824100000,
hSrjVRuAixb4F8LL9WeVdw,16-08-2018 17:53:00,kuthsav,5190645,1534422180000,
i56c9d8BvbxQfDsqHZPuRw,16-08-2018 18:30:00,kuthsav,5148641,1534424400000,
i7jaXOzDadQ1cECCbcZjlQ,09-08-2018 19:43:00,kuthsav,5185966,1533823980000,
iISaY1I6aeqUa0gbYgJuYw,16-08-2018 20:18:00,kuthsav,5185966,1534430880000,
jz-ycsNYJdzw6SWIOj2qlQ,16-08-2018 20:18:00,kuthsav,5159242,1534430880000,
k0dl1rE-Wg373ivD6XKzhg,16-08-2018 18:29:00,kuthsav,5128708,1534424340000,
kqFZjbvOMFo7Y5EToOh5Gg,16-08-2018 19:56:00,kuthsav,5156000,1534429560000,
lyXDlzWdDwAZjRSAnb4tYw,09-08-2018 19:59:00,kuthsav,5138859,1533824940000,
nrgkpTA93r-gEQkVrKT5PQ,09-08-2018 19:59:00,kuthsav,5154505,1533824940000,
oAj2T1wYH4sf9t1hdGyy0Q,09-08-2018 19:54:00,kuthsav,3462247,1533824640000,
pSEQuagxWn37h2-9bO_0Yg,16-08-2018 17:52:00,kuthsav,5213154,1534422120000,
pSS9re3HRKdurmzoeTwkbQ,09-08-2018 19:59:00,kuthsav,5128708,1533824940000,
qmLVYTP3w9hTYz7hGGYnwQ,16-08-2018 17:52:00,kuthsav,5151381,1534422120000,
rqEU1V2nRgsNZEWVCZgsTg,16-08-2018 20:18:00,kuthsav,5171714,1534430880000,
rwrKyQ1jCF9vfzhjpfvDsw,09-08-2018 20:03:00,kuthsav,5137924,1533825180000,
sGgIkDozJ35LAC6Bd8AfQw,16-08-2018 18:29:00,kuthsav,5169191,1534424340000,
t7oKvYPQDYSD0q-V9S9lmA,09-08-2018 19:52:00,kuthsav,5182837,1533824520000,
tFc79Fp6Ue491WDs3by4cw,09-08-2018 19:51:00,kuthsav,5100591,1533824460000,
tfV0aeTcwtMSpGaS1Uh33w,09-08-2018 20:02:00,kuthsav,5142809,1533825120000,
txrTyB8wmrBj_FXUwY2aaA,16-08-2018 19:24:00,kuthsav,5184233,1534427640000,
uq5hw60Ux6McMQYuMlT2wg,09-08-2018 19:50:00,kuthsav,5140441,1533824400000,
vJXIDtXrxqEJDduG3vwVBQ,09-08-2018 19:49:00,kuthsav,5136679,1533824340000,
vL4TlPZ779qq1e5cNtDytg,09-08-2018 19:49:00,kuthsav,5148556,1533824340000,
vkTr5ZeyCHp43Fn9x7jeCQ,09-08-2018 19:51:00,kuthsav,5174762,1533824460000,
wVGCtEaTIHBIHH3sQLZo9g,16-08-2018 16:43:00,kuthsav,5121894,1534417980000,
whcesCheMQ4YlsM8wZGwfA,09-08-2018 19:46:00,kuthsav,5142586,1533824160000,
wnAphVYT3F-nmts7Ev-l1A,09-08-2018 18:44:00,kuthsav,5080025,1533820440000,
xT3o21UzgR4MnmrlGhxVmQ,16-08-2018 19:26:00,kuthsav,5143449,1534427760000,
xueEAHfeQ85p0LgnIjoQQg,16-08-2018 16:50:00,kuthsav,5121894,1534418400000,
xyZd5tdvxP9yfo-K9SeOIg,16-08-2018 19:24:00,kuthsav,5104183,1534427640000,
y5i0mzlhfRn-6e-hgxlo8w,16-08-2018 18:30:00,kuthsav,5124683,1534424400000,
yCLaHuu5psZER--acrneNg,09-08-2018 20:01:00,kuthsav,5190645,1533825060000,
yKNPNhsnpwUNOgHTH9ZDiA,16-08-2018 19:26:00,kuthsav,5140609,1534427760000,
zCavxcm-Krj1WPiitM8rmw,09-08-2018 19:54:00,kuthsav,5078249,1533824640000,
zHYA7ioTZK95hanwUqPEJA,09-08-2018 20:03:00,kuthsav,5150762,1533825180000,
zgghWmeqVQnqE24juRJHXw,16-08-2018 19:56:00,kuthsav,3485933,1534429560000,
zhPof72rk3kIbNjZzJqRjw,16-08-2018 19:57:00,kuthsav,5182837,1534429620000,
